{"noiseKey":{"private":{"type":"Buffer","data":"qKiPqr8g6bWF+kIIREUecHLlYoH7FaRAtUJiGGKK+Gc="},"public":{"type":"Buffer","data":"FRJ0G4MTl2fpOpzyHbeUE49ZQmKFBeBkZcvwsnjBA30="}},"pairingEphemeralKeyPair":{"private":{"type":"Buffer","data":"4Fo/X6xrHaH2LLtLQryB9e65NLgRdstf7Vl8VqnWZF8="},"public":{"type":"Buffer","data":"h587gBsyMS0KjzPfPoTdVfg36ifrMotNHAd6cQkO3wY="}},"signedIdentityKey":{"private":{"type":"Buffer","data":"iGy6kmd9wCDSTo0dqbk2J3B0OipoJXUyhPhaZN/guk4="},"public":{"type":"Buffer","data":"ura6R1yiWgnBkl+QPgFDInCEdhdT/r2SHqQfQYTz3S4="}},"signedPreKey":{"keyPair":{"private":{"type":"Buffer","data":"CKWjyGuz24WuMtgwE0JRJLN4pZccTqjjGyXv/4DSG20="},"public":{"type":"Buffer","data":"lJBt2T4epjghQJ9QzDERaJK0yMTgtXUAGbGpsST2VWI="}},"signature":{"type":"Buffer","data":"swZ+hS53DWgwYoNeDwmzvoPrzXKidTGrbdN66qtN8lD9WL9sQUos7PvArhkCycwqien4a7VNhvC/PR78HAIigQ=="},"keyId":1},"registrationId":154,"advSecretKey":"OIj8BSM1tbIlEGUR/RQbG5129OL06Y1D8RjEyBcKWrQ=","processedHistoryMessages":[{"key":{"remoteJid":"6285609326919@s.whatsapp.net","fromMe":true,"id":"2B69DCD2923B9FBE988FC531992BF437"},"messageTimestamp":1734862210},{"key":{"remoteJid":"6285609326919@s.whatsapp.net","fromMe":true,"id":"86698033D8E28E08039EAA7417CCCBFE"},"messageTimestamp":1734862211},{"key":{"remoteJid":"6285609326919@s.whatsapp.net","fromMe":true,"id":"35D12A8A72B02FC0FB0AEDDF375695B9"},"messageTimestamp":1734862248},{"key":{"remoteJid":"6285609326919@s.whatsapp.net","fromMe":true,"id":"710164AE83D5EDA516C0E26446B37D71"},"messageTimestamp":1734862259}],"nextPreKeyId":31,"firstUnuploadedPreKeyId":31,"accountSyncCounter":1,"accountSettings":{"unarchiveChats":false},"deviceId":"9btpcPHeRy-ZqKPnjTW9mQ","phoneId":"1e1e3819-b16d-4bb5-8a1a-cf725982da7d","identityId":{"type":"Buffer","data":"Klh5edHBz44kGslUZ8Yvs+7Kfes="},"registered":true,"backupToken":{"type":"Buffer","data":"zD78cNtoLkd5HPKTfkZfDYjK+oo="},"registration":{},"pairingCode":"8D7FQXVV","me":{"id":"6285609326919:3@s.whatsapp.net","name":"J&T"},"account":{"details":"CJqX98wBEP7Kn7sGGAEgACgA","accountSignatureKey":"bGZ5Yll62lYX3ILkxPjEKvGX5b8fjzUkNwpccFo6UmA=","accountSignature":"UIDH1/hKIxOU24MBHSz5OvrUZz/rQPBCUdhIvqD9FSCx4OI+1oCiz2WIB7Cdppy/4BFpMqOXQZNgjDWPkphTCA==","deviceSignature":"8Torn5K+x5s7wwr2D2UQLpLYYrCcI8KDdsx+pJ4/AY9ck4ENgk4HFEcysIwsevQ5nqd4tDD64HutQvCiiRAAiw=="},"signalIdentities":[{"identifier":{"name":"6285609326919:3@s.whatsapp.net","deviceId":0},"identifierKey":{"type":"Buffer","data":"BWxmeWJZetpWF9yC5MT4xCrxl+W/H481JDcKXHBaOlJg"}}],"platform":"android","lastAccountSyncTimestamp":1734862233,"myAppStateKeyId":"AAAAADUi"}